alarm_time,eqp_id,alarm_name,stop_min
2026-09-05 01:24,EQP-06,도어 열림,4
2026-09-05 02:30,EQP-04,온도 높음,24
2026-09-05 03:24,EQP-04,센서 점검 필요,22
2026-09-05 05:23,EQP-01,통신 끊김,5
2026-09-05 05:52,EQP-04,도어 열림,5
2026-09-05 07:48,EQP-03,도어 열림,2
2026-09-05 08:42,EQP-06,센서 점검 필요,25
2026-09-05 08:52,EQP-06,도어 열림,1
2026-09-05 10:35,EQP-05,도어 열림,3
2026-09-05 10:41,EQP-03,센서 점검 필요,29
2026-09-05 13:18,EQP-06,압력 낮음,17
2026-09-05 14:59,EQP-03,통신 끊김,7
2026-09-05 15:32,EQP-03,도어 열림,4
2026-09-05 15:44,EQP-03,온도 높음,28
2026-09-05 16:15,EQP-05,온도 높음,20
2026-09-05 16:53,EQP-04,도어 열림,2
2026-09-05 17:04,EQP-05,압력 낮음,16
2026-09-05 17:27,EQP-03,온도 높음,23
2026-09-05 19:17,EQP-06,통신 끊김,9
2026-09-05 21:22,EQP-05,도어 열림,3
2026-09-05 22:02,EQP-03,센서 점검 필요,43
2026-09-05 23:34,EQP-04,센서 점검 필요,16
2026-09-06 00:18,EQP-01,도어 열림,1
2026-09-06 01:54,EQP-06,도어 열림,3
2026-09-06 02:03,EQP-05,센서 점검 필요,44
2026-09-06 03:23,EQP-05,통신 끊김,3
2026-09-06 03:41,EQP-03,통신 끊김,8
2026-09-06 03:58,EQP-04,압력 낮음,21
2026-09-06 04:08,EQP-03,압력 낮음,17
2026-09-06 04:23,EQP-03,온도 높음,20
2026-09-06 05:52,EQP-03,도어 열림,5
2026-09-06 05:54,EQP-06,도어 열림,4
2026-09-06 07:54,EQP-01,센서 점검 필요,52
2026-09-06 08:30,EQP-02,도어 열림,4
2026-09-06 08:43,EQP-01,온도 높음,31
2026-09-06 09:19,EQP-05,온도 높음,21
2026-09-06 10:59,EQP-04,압력 낮음,16
2026-09-06 11:17,EQP-02,센서 점검 필요,35
2026-09-06 11:43,EQP-03,도어 열림,4
2026-09-06 12:42,EQP-06,센서 점검 필요,51
2026-09-06 14:19,EQP-06,온도 높음,33
2026-09-06 14:42,EQP-02,통신 끊김,8
2026-09-06 14:45,EQP-06,압력 낮음,7
2026-09-06 15:04,EQP-06,온도 높음,33
2026-09-06 15:58,EQP-06,센서 점검 필요,44
2026-09-06 17:41,EQP-02,압력 낮음,5
2026-09-06 18:34,EQP-04,도어 열림,5
2026-09-06 18:41,EQP-03,통신 끊김,9
2026-09-06 19:00,EQP-04,온도 높음,30
2026-09-06 20:02,EQP-04,통신 끊김,4
2026-09-06 22:08,EQP-01,온도 높음,36
2026-09-06 22:50,EQP-02,도어 열림,3
2026-09-06 23:23,EQP-04,통신 끊김,7
2026-09-06 23:47,EQP-05,센서 점검 필요,52
2026-09-07 03:17,EQP-05,압력 낮음,9
2026-09-07 03:42,EQP-03,온도 높음,32
2026-09-07 06:18,EQP-06,온도 높음,36
2026-09-07 07:17,EQP-03,압력 낮음,12
2026-09-07 09:47,EQP-04,도어 열림,4
2026-09-07 09:54,EQP-04,압력 낮음,9
2026-09-07 11:18,EQP-03,온도 높음,20
2026-09-07 12:54,EQP-05,센서 점검 필요,36
2026-09-07 13:00,EQP-05,온도 높음,21
2026-09-07 13:19,EQP-02,통신 끊김,9
2026-09-07 13:29,EQP-04,통신 끊김,8
2026-09-07 15:21,EQP-03,센서 점검 필요,31
2026-09-07 15:50,EQP-02,온도 높음,29
2026-09-07 16:26,EQP-04,센서 점검 필요,48
2026-09-07 16:34,EQP-06,도어 열림,3
2026-09-07 17:25,EQP-04,온도 높음,17
2026-09-07 18:04,EQP-05,도어 열림,3
2026-09-07 18:49,EQP-03,도어 열림,5
2026-09-07 19:29,EQP-03,온도 높음,24
2026-09-07 19:56,EQP-01,도어 열림,1
2026-09-07 22:15,EQP-01,온도 높음,15
2026-09-07 22:21,EQP-04,센서 점검 필요,30
2026-09-07 22:25,EQP-05,도어 열림,1
2026-09-07 22:58,EQP-05,온도 높음,33
2026-09-08 00:24,EQP-06,압력 낮음,12
2026-09-08 00:59,EQP-03,온도 높음,14
2026-09-08 01:26,EQP-01,통신 끊김,6
2026-09-08 02:07,EQP-02,도어 열림,5
2026-09-08 02:28,EQP-06,도어 열림,5
2026-09-08 03:06,EQP-03,센서 점검 필요,23
2026-09-08 04:52,EQP-06,도어 열림,4
2026-09-08 05:43,EQP-02,압력 낮음,18
2026-09-08 07:33,EQP-04,센서 점검 필요,59
2026-09-08 07:34,EQP-06,압력 낮음,6
2026-09-08 07:35,EQP-01,통신 끊김,2
2026-09-08 08:10,EQP-05,압력 낮음,12
2026-09-08 09:16,EQP-06,도어 열림,2
2026-09-08 10:46,EQP-06,센서 점검 필요,55
2026-09-08 11:13,EQP-01,통신 끊김,3
2026-09-08 13:26,EQP-01,온도 높음,20
2026-09-08 14:14,EQP-02,압력 낮음,7
2026-09-08 16:13,EQP-02,도어 열림,5
2026-09-08 17:20,EQP-03,센서 점검 필요,18
2026-09-08 17:50,EQP-03,도어 열림,3
2026-09-08 19:35,EQP-06,센서 점검 필요,33
2026-09-08 20:08,EQP-01,압력 낮음,25
2026-09-08 21:09,EQP-06,통신 끊김,7
2026-09-08 21:32,EQP-02,도어 열림,4
2026-09-09 01:52,EQP-02,통신 끊김,9
2026-09-09 04:33,EQP-01,온도 높음,28
2026-09-09 04:51,EQP-06,통신 끊김,3
2026-09-09 06:23,EQP-01,온도 높음,17
2026-09-09 07:08,EQP-04,센서 점검 필요,35
2026-09-09 09:27,EQP-03,도어 열림,5
2026-09-09 11:22,EQP-02,도어 열림,5
2026-09-09 12:14,EQP-04,도어 열림,2
2026-09-09 12:31,EQP-03,온도 높음,22
2026-09-09 12:45,EQP-02,센서 점검 필요,42
2026-09-09 14:03,EQP-06,도어 열림,4
2026-09-09 16:22,EQP-06,센서 점검 필요,35
2026-09-09 16:33,EQP-02,도어 열림,3
2026-09-09 19:46,EQP-01,도어 열림,3
2026-09-09 19:47,EQP-03,온도 높음,38
2026-09-09 21:55,EQP-06,통신 끊김,2
2026-09-09 23:45,EQP-02,도어 열림,3
2026-09-10 00:22,EQP-02,도어 열림,2
2026-09-10 02:18,EQP-02,센서 점검 필요,38
2026-09-10 03:00,EQP-05,센서 점검 필요,50
2026-09-10 04:57,EQP-04,압력 낮음,24
2026-09-10 05:13,EQP-01,도어 열림,1
2026-09-10 06:17,EQP-03,도어 열림,2
2026-09-10 07:13,EQP-04,센서 점검 필요,60
2026-09-10 07:44,EQP-04,센서 점검 필요,54
2026-09-10 08:08,EQP-06,도어 열림,3
2026-09-10 09:00,EQP-05,도어 열림,2
2026-09-10 09:42,EQP-01,도어 열림,3
2026-09-10 09:52,EQP-04,도어 열림,2
2026-09-10 10:05,EQP-02,온도 높음,17
2026-09-10 10:54,EQP-04,센서 점검 필요,52
2026-09-10 13:00,EQP-02,도어 열림,2
2026-09-10 16:59,EQP-02,온도 높음,30
2026-09-10 17:37,EQP-04,도어 열림,1
2026-09-10 17:39,EQP-06,통신 끊김,4
2026-09-10 17:56,EQP-06,도어 열림,5
2026-09-10 18:01,EQP-02,온도 높음,15
2026-09-10 18:22,EQP-05,통신 끊김,4
2026-09-10 20:36,EQP-04,센서 점검 필요,55
2026-09-10 20:44,EQP-04,도어 열림,3
2026-09-10 21:39,EQP-02,온도 높음,40
2026-09-10 21:55,EQP-04,압력 낮음,5
2026-09-10 23:18,EQP-03,압력 낮음,14
2026-09-11 00:26,EQP-05,압력 낮음,12
2026-09-11 02:39,EQP-03,온도 높음,14
2026-09-11 02:45,EQP-04,도어 열림,2
2026-09-11 03:47,EQP-01,도어 열림,2
2026-09-11 04:20,EQP-06,도어 열림,4
2026-09-11 05:27,EQP-05,통신 끊김,10
2026-09-11 07:12,EQP-04,압력 낮음,24
2026-09-11 08:54,EQP-03,온도 높음,29
2026-09-11 11:31,EQP-04,온도 높음,22
2026-09-11 12:44,EQP-03,도어 열림,1
2026-09-11 12:54,EQP-01,도어 열림,2
2026-09-11 14:06,EQP-05,도어 열림,2
2026-09-11 14:34,EQP-02,센서 점검 필요,49
2026-09-11 15:18,EQP-02,센서 점검 필요,27
2026-09-11 15:37,EQP-02,온도 높음,25
2026-09-11 15:41,EQP-04,도어 열림,3
2026-09-11 15:42,EQP-01,통신 끊김,5
2026-09-11 16:15,EQP-01,센서 점검 필요,35
2026-09-11 16:50,EQP-02,온도 높음,39
2026-09-11 16:58,EQP-01,센서 점검 필요,19
2026-09-11 17:06,EQP-02,통신 끊김,7
2026-09-11 17:26,EQP-04,도어 열림,4
2026-09-11 19:08,EQP-06,도어 열림,1
2026-09-11 19:43,EQP-04,도어 열림,3
2026-09-11 19:52,EQP-01,온도 높음,30
2026-09-11 20:39,EQP-06,온도 높음,37
2026-09-11 22:22,EQP-03,센서 점검 필요,53
2026-09-12 00:28,EQP-05,도어 열림,4
2026-09-12 02:17,EQP-04,온도 높음,21
2026-09-12 02:22,EQP-05,압력 낮음,20
2026-09-12 05:44,EQP-03,압력 낮음,16
2026-09-12 06:23,EQP-03,온도 높음,38
2026-09-12 06:57,EQP-04,센서 점검 필요,40
2026-09-12 07:09,EQP-04,압력 낮음,9
2026-09-12 07:31,EQP-03,도어 열림,2
2026-09-12 07:44,EQP-05,온도 높음,18
2026-09-12 08:40,EQP-02,도어 열림,5
2026-09-12 09:04,EQP-02,압력 낮음,7
2026-09-12 09:28,EQP-02,압력 낮음,14
2026-09-12 13:08,EQP-03,압력 낮음,21
2026-09-12 14:55,EQP-04,도어 열림,4
2026-09-12 15:25,EQP-06,도어 열림,4
2026-09-12 15:38,EQP-05,압력 낮음,21
2026-09-12 16:19,EQP-03,도어 열림,3
2026-09-12 17:26,EQP-04,온도 높음,31
2026-09-12 17:35,EQP-01,센서 점검 필요,18
2026-09-12 21:42,EQP-02,도어 열림,2
2026-09-12 23:26,EQP-05,압력 낮음,24
2026-09-13 00:09,EQP-04,통신 끊김,6
2026-09-13 00:11,EQP-02,도어 열림,1
2026-09-13 01:52,EQP-04,압력 낮음,6
2026-09-13 02:07,EQP-01,도어 열림,2
2026-09-13 02:58,EQP-05,온도 높음,20
2026-09-13 03:15,EQP-02,도어 열림,1
2026-09-13 04:24,EQP-05,센서 점검 필요,59
2026-09-13 04:27,EQP-01,온도 높음,39
2026-09-13 04:59,EQP-03,도어 열림,4
2026-09-13 06:09,EQP-04,온도 높음,16
2026-09-13 06:43,EQP-01,통신 끊김,10
2026-09-13 06:45,EQP-05,온도 높음,22
2026-09-13 07:12,EQP-01,도어 열림,4
2026-09-13 07:38,EQP-06,도어 열림,3
2026-09-13 07:56,EQP-05,압력 낮음,7
2026-09-13 08:06,EQP-03,온도 높음,16
2026-09-13 08:52,EQP-05,센서 점검 필요,38
2026-09-13 09:17,EQP-06,통신 끊김,6
2026-09-13 09:23,EQP-05,압력 낮음,9
2026-09-13 09:27,EQP-05,도어 열림,1
2026-09-13 10:03,EQP-02,도어 열림,5
2026-09-13 12:11,EQP-03,센서 점검 필요,23
2026-09-13 12:58,EQP-04,도어 열림,1
2026-09-13 13:06,EQP-03,온도 높음,28
2026-09-13 13:20,EQP-04,온도 높음,22
2026-09-13 15:23,EQP-06,통신 끊김,4
2026-09-13 17:00,EQP-04,온도 높음,19
2026-09-13 17:03,EQP-03,도어 열림,4
2026-09-13 17:50,EQP-04,온도 높음,22
2026-09-13 18:26,EQP-06,압력 낮음,25
2026-09-13 19:07,EQP-05,통신 끊김,2
2026-09-13 20:10,EQP-03,센서 점검 필요,46
2026-09-13 20:38,EQP-01,통신 끊김,5
2026-09-13 22:04,EQP-04,도어 열림,5
2026-09-13 23:17,EQP-01,도어 열림,4
2026-09-13 23:35,EQP-04,통신 끊김,3
2026-09-14 00:06,EQP-01,도어 열림,3
2026-09-14 01:13,EQP-01,도어 열림,3
2026-09-14 01:18,EQP-06,압력 낮음,11
2026-09-14 03:12,EQP-01,센서 점검 필요,55
2026-09-14 04:56,EQP-06,온도 높음,15
2026-09-14 05:10,EQP-04,온도 높음,39
2026-09-14 08:02,EQP-05,도어 열림,1
2026-09-14 08:57,EQP-06,압력 낮음,5
2026-09-14 09:55,EQP-02,압력 낮음,7
2026-09-14 10:19,EQP-03,도어 열림,2
2026-09-14 10:33,EQP-06,통신 끊김,5
2026-09-14 11:08,EQP-01,도어 열림,2
2026-09-14 11:33,EQP-06,센서 점검 필요,44
2026-09-14 12:24,EQP-01,도어 열림,2
2026-09-14 12:52,EQP-06,온도 높음,18
2026-09-14 17:01,EQP-04,센서 점검 필요,23
2026-09-14 18:35,EQP-02,온도 높음,27
2026-09-14 18:52,EQP-02,센서 점검 필요,42
2026-09-14 19:00,EQP-04,도어 열림,2
2026-09-14 20:40,EQP-04,온도 높음,17
2026-09-14 21:35,EQP-02,온도 높음,36
2026-09-14 21:37,EQP-03,압력 낮음,19
2026-09-14 21:48,EQP-04,도어 열림,2
2026-09-14 22:06,EQP-04,센서 점검 필요,23
2026-09-14 23:56,EQP-04,도어 열림,1
2026-09-15 02:28,EQP-01,온도 높음,13
2026-09-15 03:11,EQP-01,온도 높음,35
2026-09-15 04:01,EQP-05,압력 낮음,5
2026-09-15 04:05,EQP-03,도어 열림,5
2026-09-15 06:59,EQP-05,온도 높음,34
2026-09-15 09:19,EQP-04,온도 높음,39
2026-09-15 16:15,EQP-05,도어 열림,5
2026-09-15 16:24,EQP-06,도어 열림,2
2026-09-15 18:04,EQP-06,압력 낮음,22
2026-09-15 18:48,EQP-05,도어 열림,1
2026-09-15 20:44,EQP-05,센서 점검 필요,52
2026-09-15 21:24,EQP-04,도어 열림,4
2026-09-15 22:36,EQP-04,센서 점검 필요,37
2026-09-15 22:43,EQP-06,도어 열림,5
2026-09-15 22:49,EQP-03,온도 높음,26
2026-09-16 01:13,EQP-05,센서 점검 필요,30
2026-09-16 01:41,EQP-05,통신 끊김,9
2026-09-16 02:22,EQP-04,압력 낮음,6
2026-09-16 02:22,EQP-05,통신 끊김,2
2026-09-16 03:47,EQP-02,도어 열림,5
2026-09-16 05:11,EQP-01,도어 열림,3
2026-09-16 07:42,EQP-03,온도 높음,20
2026-09-16 08:46,EQP-05,통신 끊김,5
2026-09-16 09:00,EQP-01,도어 열림,3
2026-09-16 10:37,EQP-05,통신 끊김,3
2026-09-16 12:16,EQP-04,압력 낮음,22
2026-09-16 13:13,EQP-04,온도 높음,26
2026-09-16 14:29,EQP-05,도어 열림,4
2026-09-16 14:49,EQP-05,온도 높음,16
2026-09-16 16:05,EQP-06,온도 높음,18
2026-09-16 19:20,EQP-02,센서 점검 필요,38
2026-09-16 19:46,EQP-02,온도 높음,15
2026-09-16 19:48,EQP-02,센서 점검 필요,53
2026-09-16 20:54,EQP-05,통신 끊김,9
2026-09-16 22:11,EQP-01,도어 열림,5
2026-09-16 23:32,EQP-02,압력 낮음,11
2026-09-17 01:47,EQP-06,압력 낮음,5
2026-09-17 03:25,EQP-02,도어 열림,4
2026-09-17 04:11,EQP-06,온도 높음,13
2026-09-17 04:18,EQP-03,도어 열림,5
2026-09-17 07:12,EQP-06,도어 열림,2
2026-09-17 07:52,EQP-01,도어 열림,1
2026-09-17 08:14,EQP-03,온도 높음,32
2026-09-17 08:56,EQP-02,도어 열림,5
2026-09-17 09:28,EQP-02,도어 열림,2
2026-09-17 09:39,EQP-01,도어 열림,3
2026-09-17 10:10,EQP-02,센서 점검 필요,42
2026-09-17 10:32,EQP-03,온도 높음,11
2026-09-17 10:33,EQP-01,압력 낮음,17
2026-09-17 11:31,EQP-01,압력 낮음,5
2026-09-17 11:31,EQP-04,온도 높음,12
2026-09-17 11:46,EQP-06,온도 높음,12
2026-09-17 12:30,EQP-06,통신 끊김,4
2026-09-17 13:50,EQP-03,온도 높음,11
2026-09-17 14:31,EQP-04,온도 높음,20
2026-09-17 14:49,EQP-05,도어 열림,2
2026-09-17 19:00,EQP-01,압력 낮음,13
2026-09-17 19:14,EQP-02,통신 끊김,9
2026-09-17 20:38,EQP-02,센서 점검 필요,40
2026-09-17 21:26,EQP-06,온도 높음,10
2026-09-17 23:02,EQP-06,압력 낮음,25
2026-09-18 02:47,EQP-04,압력 낮음,15
2026-09-18 03:22,EQP-02,도어 열림,2
2026-09-18 03:26,EQP-06,센서 점검 필요,47
2026-09-18 04:43,EQP-03,온도 높음,25
2026-09-18 05:00,EQP-04,통신 끊김,7
2026-09-18 06:00,EQP-05,센서 점검 필요,41
2026-09-18 06:09,EQP-06,센서 점검 필요,55
2026-09-18 09:03,EQP-01,센서 점검 필요,30
2026-09-18 09:18,EQP-01,압력 낮음,17
2026-09-18 09:37,EQP-02,온도 높음,29
2026-09-18 09:43,EQP-04,센서 점검 필요,30
2026-09-18 10:25,EQP-06,도어 열림,5
2026-09-18 11:58,EQP-01,압력 낮음,19
2026-09-18 12:24,EQP-05,온도 높음,37
2026-09-18 12:53,EQP-06,도어 열림,3
2026-09-18 12:57,EQP-04,센서 점검 필요,47
2026-09-18 13:13,EQP-04,압력 낮음,8
2026-09-18 13:17,EQP-05,압력 낮음,9
2026-09-18 13:18,EQP-01,압력 낮음,16
2026-09-18 13:19,EQP-06,도어 열림,5
2026-09-18 14:03,EQP-04,온도 높음,22
2026-09-18 14:19,EQP-01,센서 점검 필요,16
2026-09-18 14:53,EQP-06,통신 끊김,5
2026-09-18 15:20,EQP-02,도어 열림,2
2026-09-18 15:29,EQP-04,센서 점검 필요,49
2026-09-18 16:03,EQP-03,온도 높음,13
2026-09-18 16:26,EQP-04,온도 높음,29
2026-09-18 16:50,EQP-06,도어 열림,2
2026-09-18 18:26,EQP-04,압력 낮음,9
2026-09-18 19:36,EQP-02,압력 낮음,6
2026-09-18 20:28,EQP-04,통신 끊김,4
2026-09-18 20:50,EQP-04,도어 열림,2
2026-09-18 21:41,EQP-03,압력 낮음,7
2026-09-18 22:02,EQP-03,도어 열림,4
2026-09-19 00:01,EQP-06,통신 끊김,10
2026-09-19 00:02,EQP-03,온도 높음,37
2026-09-19 00:04,EQP-04,온도 높음,39
2026-09-19 02:14,EQP-01,통신 끊김,6
2026-09-19 02:17,EQP-01,압력 낮음,7
2026-09-19 05:03,EQP-04,압력 낮음,7
2026-09-19 05:22,EQP-04,센서 점검 필요,45
2026-09-19 06:52,EQP-03,도어 열림,5
2026-09-19 06:55,EQP-01,압력 낮음,6
2026-09-19 07:02,EQP-06,센서 점검 필요,56
2026-09-19 07:15,EQP-04,온도 높음,30
2026-09-19 07:54,EQP-02,센서 점검 필요,46
2026-09-19 08:56,EQP-06,온도 높음,17
2026-09-19 09:00,EQP-04,도어 열림,3
2026-09-19 11:16,EQP-03,센서 점검 필요,39
2026-09-19 11:23,EQP-04,센서 점검 필요,28
2026-09-19 12:57,EQP-05,압력 낮음,16
2026-09-19 13:08,EQP-03,도어 열림,5
2026-09-19 13:11,EQP-01,도어 열림,5
2026-09-19 13:29,EQP-01,온도 높음,36
2026-09-19 13:57,EQP-02,도어 열림,4
2026-09-19 14:15,EQP-01,도어 열림,1
2026-09-19 14:39,EQP-01,통신 끊김,2
2026-09-19 15:08,EQP-06,센서 점검 필요,47
2026-09-19 16:07,EQP-04,도어 열림,3
2026-09-19 16:10,EQP-04,압력 낮음,5
2026-09-19 16:13,EQP-04,도어 열림,4
2026-09-19 16:36,EQP-04,온도 높음,19
2026-09-19 20:05,EQP-03,온도 높음,23
2026-09-19 20:19,EQP-03,압력 낮음,12
2026-09-19 20:21,EQP-04,도어 열림,2
2026-09-19 20:36,EQP-02,센서 점검 필요,56
2026-09-19 21:42,EQP-02,통신 끊김,8
2026-09-19 23:04,EQP-04,압력 낮음,23
2026-09-19 23:12,EQP-02,센서 점검 필요,23
2026-09-20 03:40,EQP-05,도어 열림,2
2026-09-20 03:53,EQP-04,온도 높음,32
2026-09-20 04:13,EQP-04,도어 열림,2
2026-09-20 04:30,EQP-01,도어 열림,4
2026-09-20 04:48,EQP-01,온도 높음,15
2026-09-20 04:52,EQP-03,압력 낮음,21
2026-09-20 06:15,EQP-02,도어 열림,4
2026-09-20 06:15,EQP-03,도어 열림,2
2026-09-20 06:26,EQP-06,센서 점검 필요,59
2026-09-20 07:04,EQP-03,도어 열림,2
2026-09-20 07:17,EQP-04,도어 열림,2
2026-09-20 08:06,EQP-03,통신 끊김,4
2026-09-20 09:08,EQP-01,센서 점검 필요,36
2026-09-20 11:09,EQP-04,도어 열림,3
2026-09-20 11:45,EQP-04,도어 열림,1
2026-09-20 12:15,EQP-03,압력 낮음,6
2026-09-20 14:46,EQP-04,센서 점검 필요,49
2026-09-20 15:08,EQP-04,통신 끊김,4
2026-09-20 16:13,EQP-01,도어 열림,2
2026-09-20 16:52,EQP-01,온도 높음,31
2026-09-20 17:03,EQP-04,통신 끊김,5
2026-09-20 18:03,EQP-01,도어 열림,5
2026-09-20 18:25,EQP-02,도어 열림,1
2026-09-20 19:09,EQP-02,도어 열림,3
2026-09-20 19:19,EQP-05,도어 열림,2
2026-09-20 20:38,EQP-05,센서 점검 필요,28
2026-09-20 22:18,EQP-04,압력 낮음,6
2026-09-21 00:06,EQP-01,온도 높음,20
2026-09-21 02:09,EQP-04,압력 낮음,15
2026-09-21 03:04,EQP-05,도어 열림,2
2026-09-21 04:28,EQP-04,도어 열림,1
2026-09-21 05:21,EQP-04,센서 점검 필요,15
2026-09-21 05:22,EQP-01,센서 점검 필요,31
2026-09-21 06:17,EQP-05,센서 점검 필요,55
2026-09-21 07:09,EQP-05,압력 낮음,8
2026-09-21 07:12,EQP-01,도어 열림,3
2026-09-21 07:42,EQP-04,센서 점검 필요,38
2026-09-21 07:51,EQP-06,도어 열림,2
2026-09-21 10:08,EQP-06,도어 열림,3
2026-09-21 11:16,EQP-02,도어 열림,5
2026-09-21 12:55,EQP-02,압력 낮음,15
2026-09-21 14:02,EQP-03,도어 열림,3
2026-09-21 14:40,EQP-06,통신 끊김,3
2026-09-21 15:13,EQP-04,도어 열림,1
2026-09-21 16:17,EQP-06,도어 열림,2
2026-09-21 16:51,EQP-03,도어 열림,3
2026-09-21 18:17,EQP-02,도어 열림,5
2026-09-21 19:04,EQP-02,압력 낮음,24
2026-09-21 19:24,EQP-03,온도 높음,40
2026-09-21 19:44,EQP-06,센서 점검 필요,37
2026-09-21 20:08,EQP-03,온도 높음,38
2026-09-21 20:44,EQP-04,온도 높음,19
2026-09-22 00:33,EQP-06,도어 열림,3
2026-09-22 02:13,EQP-03,센서 점검 필요,22
2026-09-22 04:42,EQP-03,온도 높음,23
2026-09-22 06:25,EQP-02,센서 점검 필요,54
2026-09-22 07:13,EQP-06,온도 높음,18
2026-09-22 08:21,EQP-03,온도 높음,21
2026-09-22 08:54,EQP-06,압력 낮음,22
2026-09-22 09:03,EQP-04,압력 낮음,10
2026-09-22 09:39,EQP-01,압력 낮음,5
2026-09-22 10:23,EQP-03,도어 열림,5
2026-09-22 10:59,EQP-04,통신 끊김,8
2026-09-22 11:26,EQP-01,압력 낮음,13
2026-09-22 11:30,EQP-04,센서 점검 필요,36
2026-09-22 13:09,EQP-04,온도 높음,19
2026-09-22 13:14,EQP-04,통신 끊김,2
2026-09-22 15:40,EQP-04,통신 끊김,2
2026-09-22 15:46,EQP-03,압력 낮음,5
2026-09-22 16:02,EQP-01,센서 점검 필요,28
2026-09-22 17:29,EQP-02,도어 열림,3
2026-09-22 20:25,EQP-04,통신 끊김,3
2026-09-22 21:17,EQP-04,도어 열림,3
2026-09-22 22:34,EQP-06,센서 점검 필요,30
2026-09-22 23:12,EQP-02,도어 열림,4
2026-09-22 23:32,EQP-06,압력 낮음,10
2026-09-22 23:41,EQP-01,센서 점검 필요,26
2026-09-23 01:27,EQP-02,도어 열림,3
2026-09-23 01:49,EQP-02,센서 점검 필요,59
2026-09-23 02:05,EQP-03,통신 끊김,9
2026-09-23 02:12,EQP-03,센서 점검 필요,39
2026-09-23 07:59,EQP-06,센서 점검 필요,35
2026-09-23 08:24,EQP-05,온도 높음,38
2026-09-23 08:40,EQP-03,센서 점검 필요,40
2026-09-23 10:22,EQP-04,온도 높음,31
2026-09-23 10:40,EQP-01,도어 열림,3
2026-09-23 12:32,EQP-05,도어 열림,4
2026-09-23 14:53,EQP-04,도어 열림,3
2026-09-23 15:47,EQP-06,센서 점검 필요,37
2026-09-23 17:37,EQP-05,온도 높음,31
2026-09-23 18:31,EQP-05,온도 높음,21
2026-09-23 19:00,EQP-06,온도 높음,24
2026-09-23 19:34,EQP-04,통신 끊김,4
2026-09-23 20:57,EQP-05,도어 열림,2
2026-09-23 21:05,EQP-05,도어 열림,4
2026-09-24 01:11,EQP-01,도어 열림,5
2026-09-24 01:42,EQP-01,센서 점검 필요,28
2026-09-24 02:48,EQP-04,통신 끊김,4
2026-09-24 03:49,EQP-02,온도 높음,34
2026-09-24 05:22,EQP-04,압력 낮음,5
2026-09-24 06:08,EQP-01,압력 낮음,9
2026-09-24 07:04,EQP-04,온도 높음,21
2026-09-24 07:16,EQP-05,센서 점검 필요,20
2026-09-24 08:19,EQP-04,도어 열림,1
2026-09-24 08:53,EQP-02,도어 열림,1
2026-09-24 09:01,EQP-06,온도 높음,19
2026-09-24 12:13,EQP-05,압력 낮음,9
2026-09-24 13:03,EQP-03,압력 낮음,24
2026-09-24 13:50,EQP-06,온도 높음,18
2026-09-24 13:51,EQP-04,압력 낮음,17
2026-09-24 16:22,EQP-01,센서 점검 필요,23
2026-09-24 17:19,EQP-04,도어 열림,5
2026-09-24 19:44,EQP-02,도어 열림,2
2026-09-24 20:45,EQP-01,통신 끊김,3
2026-09-24 21:58,EQP-05,센서 점검 필요,46
2026-09-24 22:50,EQP-02,센서 점검 필요,52
2026-09-24 23:05,EQP-06,도어 열림,4
2026-09-24 23:19,EQP-06,센서 점검 필요,32
2026-09-25 01:43,EQP-01,통신 끊김,6
2026-09-25 02:23,EQP-04,센서 점검 필요,53
2026-09-25 02:40,EQP-01,압력 낮음,21
2026-09-25 04:16,EQP-02,도어 열림,1
2026-09-25 05:04,EQP-03,온도 높음,33
2026-09-25 05:59,EQP-06,온도 높음,30
2026-09-25 06:07,EQP-05,온도 높음,17
2026-09-25 06:09,EQP-03,통신 끊김,2
2026-09-25 07:17,EQP-06,도어 열림,1
2026-09-25 10:06,EQP-06,통신 끊김,8
2026-09-25 12:17,EQP-02,도어 열림,4
2026-09-25 12:38,EQP-06,도어 열림,3
2026-09-25 12:55,EQP-06,압력 낮음,10
2026-09-25 13:27,EQP-06,통신 끊김,2
2026-09-25 13:38,EQP-04,센서 점검 필요,39
2026-09-25 14:10,EQP-02,센서 점검 필요,55
2026-09-25 14:10,EQP-04,도어 열림,3
2026-09-25 14:45,EQP-04,센서 점검 필요,40
2026-09-25 14:48,EQP-01,온도 높음,39
2026-09-25 15:37,EQP-06,센서 점검 필요,38
2026-09-25 17:09,EQP-04,온도 높음,13
2026-09-25 17:41,EQP-06,도어 열림,5
2026-09-25 22:28,EQP-03,도어 열림,4
2026-09-25 22:48,EQP-02,도어 열림,4
2026-09-25 22:55,EQP-05,센서 점검 필요,30
2026-09-26 00:23,EQP-03,도어 열림,1
2026-09-26 00:54,EQP-04,센서 점검 필요,15
2026-09-26 02:00,EQP-03,압력 낮음,15
2026-09-26 03:42,EQP-06,압력 낮음,6
2026-09-26 04:53,EQP-01,압력 낮음,25
2026-09-26 05:29,EQP-05,센서 점검 필요,60
2026-09-26 05:55,EQP-05,도어 열림,5
2026-09-26 06:51,EQP-06,압력 낮음,13
2026-09-26 07:20,EQP-06,온도 높음,16
2026-09-26 07:36,EQP-05,통신 끊김,9
2026-09-26 07:52,EQP-03,온도 높음,34
2026-09-26 11:17,EQP-02,온도 높음,11
2026-09-26 11:37,EQP-05,압력 낮음,8
2026-09-26 12:52,EQP-03,압력 낮음,21
2026-09-26 16:59,EQP-03,온도 높음,26
2026-09-26 17:19,EQP-03,센서 점검 필요,28
2026-09-26 18:04,EQP-02,센서 점검 필요,30
2026-09-26 21:20,EQP-04,도어 열림,3
2026-09-26 22:09,EQP-03,온도 높음,25
2026-09-26 22:53,EQP-03,온도 높음,14
2026-09-26 23:39,EQP-03,온도 높음,23
2026-09-27 00:20,EQP-02,통신 끊김,2
2026-09-27 00:58,EQP-06,도어 열림,4
2026-09-27 01:50,EQP-05,도어 열림,4
2026-09-27 02:42,EQP-06,압력 낮음,9
2026-09-27 03:54,EQP-03,통신 끊김,9
2026-09-27 04:20,EQP-02,압력 낮음,23
2026-09-27 04:40,EQP-02,통신 끊김,6
2026-09-27 05:10,EQP-06,온도 높음,23
2026-09-27 06:47,EQP-03,압력 낮음,8
2026-09-27 07:53,EQP-01,센서 점검 필요,43
2026-09-27 07:58,EQP-06,도어 열림,5
2026-09-27 08:05,EQP-01,온도 높음,32
2026-09-27 09:20,EQP-04,센서 점검 필요,57
2026-09-27 09:59,EQP-01,도어 열림,2
2026-09-27 12:48,EQP-01,온도 높음,23
2026-09-27 14:07,EQP-03,온도 높음,21
2026-09-27 14:33,EQP-03,온도 높음,40
2026-09-27 15:38,EQP-04,도어 열림,5
2026-09-27 16:21,EQP-04,압력 낮음,17
2026-09-27 17:25,EQP-01,통신 끊김,5
2026-09-27 19:34,EQP-06,온도 높음,30
2026-09-27 19:35,EQP-04,온도 높음,13
2026-09-27 21:35,EQP-01,센서 점검 필요,39
2026-09-27 22:41,EQP-03,통신 끊김,7
2026-09-27 23:43,EQP-06,도어 열림,5
2026-09-28 02:33,EQP-03,통신 끊김,3
2026-09-28 02:47,EQP-03,온도 높음,21
2026-09-28 03:31,EQP-03,통신 끊김,10
2026-09-28 03:43,EQP-01,센서 점검 필요,30
2026-09-28 04:34,EQP-04,도어 열림,5
2026-09-28 05:14,EQP-06,온도 높음,24
2026-09-28 05:59,EQP-04,도어 열림,1
2026-09-28 09:39,EQP-04,통신 끊김,8
2026-09-28 10:29,EQP-04,센서 점검 필요,56
2026-09-28 13:18,EQP-02,압력 낮음,6
2026-09-28 13:44,EQP-04,도어 열림,5
2026-09-28 15:28,EQP-03,온도 높음,14
2026-09-28 15:40,EQP-06,통신 끊김,8
2026-09-28 15:48,EQP-01,센서 점검 필요,46
2026-09-28 16:26,EQP-05,압력 낮음,7
2026-09-28 19:31,EQP-01,온도 높음,35
2026-09-28 19:37,EQP-06,온도 높음,18
2026-09-28 19:49,EQP-01,온도 높음,20
2026-09-28 23:06,EQP-01,통신 끊김,7
2026-09-29 00:15,EQP-03,도어 열림,4
2026-09-29 00:36,EQP-06,온도 높음,15
2026-09-29 00:54,EQP-04,센서 점검 필요,46
2026-09-29 01:03,EQP-02,압력 낮음,22
2026-09-29 01:41,EQP-04,온도 높음,17
2026-09-29 01:43,EQP-06,센서 점검 필요,35
2026-09-29 01:50,EQP-04,도어 열림,1
2026-09-29 03:25,EQP-02,압력 낮음,13
2026-09-29 03:45,EQP-01,도어 열림,4
2026-09-29 03:55,EQP-06,도어 열림,4
2026-09-29 04:00,EQP-03,온도 높음,22
2026-09-29 06:07,EQP-02,통신 끊김,10
2026-09-29 06:09,EQP-04,압력 낮음,19
2026-09-29 06:12,EQP-05,도어 열림,5
2026-09-29 06:51,EQP-03,온도 높음,39
2026-09-29 07:00,EQP-04,온도 높음,20
2026-09-29 07:04,EQP-03,센서 점검 필요,23
2026-09-29 07:45,EQP-03,통신 끊김,8
2026-09-29 10:55,EQP-02,통신 끊김,9
2026-09-29 11:07,EQP-03,온도 높음,18
2026-09-29 11:45,EQP-03,도어 열림,2
2026-09-29 12:55,EQP-01,통신 끊김,10
2026-09-29 13:07,EQP-05,센서 점검 필요,43
2026-09-29 14:19,EQP-06,도어 열림,3
2026-09-29 14:35,EQP-03,센서 점검 필요,33
2026-09-29 15:42,EQP-02,도어 열림,1
2026-09-29 16:47,EQP-06,온도 높음,22
2026-09-29 16:54,EQP-06,압력 낮음,18
2026-09-29 17:57,EQP-03,온도 높음,38
2026-09-29 18:23,EQP-03,압력 낮음,8
2026-09-29 18:26,EQP-02,통신 끊김,8
2026-09-29 19:13,EQP-01,압력 낮음,11
2026-09-29 21:25,EQP-04,온도 높음,21
2026-09-29 22:30,EQP-04,도어 열림,4
2026-09-30 00:24,EQP-03,온도 높음,18
2026-09-30 02:34,EQP-06,도어 열림,2
2026-09-30 05:25,EQP-03,온도 높음,11
2026-09-30 08:55,EQP-06,통신 끊김,4
2026-09-30 10:02,EQP-02,도어 열림,2
2026-09-30 10:18,EQP-03,온도 높음,12
2026-09-30 10:32,EQP-02,온도 높음,38
2026-09-30 10:57,EQP-03,온도 높음,18
2026-09-30 11:03,EQP-02,온도 높음,20
2026-09-30 11:30,EQP-06,통신 끊김,8
2026-09-30 12:21,EQP-02,온도 높음,11
2026-09-30 12:56,EQP-02,센서 점검 필요,60
2026-09-30 13:23,EQP-01,온도 높음,14
2026-09-30 13:28,EQP-04,센서 점검 필요,35
2026-09-30 14:23,EQP-03,온도 높음,13
2026-09-30 14:53,EQP-03,온도 높음,35
2026-09-30 17:36,EQP-01,온도 높음,28
2026-09-30 17:36,EQP-03,온도 높음,21
2026-09-30 17:49,EQP-03,온도 높음,31
2026-09-30 18:40,EQP-02,통신 끊김,7
2026-09-30 20:25,EQP-06,온도 높음,12
2026-09-30 21:27,EQP-05,온도 높음,16
2026-09-30 23:05,EQP-03,센서 점검 필요,36
2026-10-01 02:47,EQP-03,온도 높음,27
2026-10-01 04:41,EQP-05,도어 열림,3
2026-10-01 05:41,EQP-03,온도 높음,38
2026-10-01 06:41,EQP-03,통신 끊김,6
2026-10-01 08:35,EQP-03,온도 높음,32
2026-10-01 09:25,EQP-03,도어 열림,3
2026-10-01 09:36,EQP-01,통신 끊김,4
2026-10-01 10:19,EQP-02,통신 끊김,10
2026-10-01 11:06,EQP-01,도어 열림,3
2026-10-01 11:10,EQP-04,압력 낮음,11
2026-10-01 11:15,EQP-02,온도 높음,39
2026-10-01 11:55,EQP-03,온도 높음,13
2026-10-01 12:03,EQP-01,도어 열림,5
2026-10-01 12:51,EQP-06,통신 끊김,8
2026-10-01 13:16,EQP-06,센서 점검 필요,56
2026-10-01 13:43,EQP-05,센서 점검 필요,24
2026-10-01 14:30,EQP-01,통신 끊김,4
2026-10-01 15:49,EQP-06,압력 낮음,16
2026-10-01 17:17,EQP-06,압력 낮음,7
2026-10-01 17:55,EQP-06,도어 열림,4
2026-10-01 18:51,EQP-03,온도 높음,20
2026-10-01 18:55,EQP-03,온도 높음,37
2026-10-01 19:39,EQP-04,도어 열림,1
2026-10-01 19:53,EQP-01,센서 점검 필요,26
2026-10-01 20:56,EQP-03,온도 높음,35
2026-10-01 22:00,EQP-03,온도 높음,15
2026-10-01 22:03,EQP-03,온도 높음,25
2026-10-01 22:32,EQP-03,온도 높음,24
2026-10-01 22:52,EQP-03,온도 높음,36
2026-10-01 23:08,EQP-04,도어 열림,1
2026-10-01 23:56,EQP-03,압력 낮음,20
2026-10-01 23:56,EQP-04,압력 낮음,20
2026-10-02 00:19,EQP-02,도어 열림,2
2026-10-02 02:44,EQP-04,센서 점검 필요,45
2026-10-02 02:54,EQP-03,온도 높음,21
2026-10-02 03:03,EQP-01,통신 끊김,5
2026-10-02 03:18,EQP-03,온도 높음,18
2026-10-02 03:20,EQP-03,온도 높음,14
2026-10-02 03:28,EQP-03,센서 점검 필요,19
2026-10-02 04:00,EQP-04,통신 끊김,3
2026-10-02 04:19,EQP-05,압력 낮음,25
2026-10-02 06:19,EQP-03,온도 높음,17
2026-10-02 08:57,EQP-03,온도 높음,38
2026-10-02 09:10,EQP-02,센서 점검 필요,23
2026-10-02 09:52,EQP-01,온도 높음,30
2026-10-02 11:43,EQP-04,도어 열림,1
2026-10-02 11:43,EQP-04,통신 끊김,4
2026-10-02 12:53,EQP-02,온도 높음,34
2026-10-02 12:59,EQP-03,압력 낮음,12
2026-10-02 14:10,EQP-05,도어 열림,5
2026-10-02 14:32,EQP-04,센서 점검 필요,48
2026-10-02 15:21,EQP-03,온도 높음,20
2026-10-02 17:20,EQP-02,센서 점검 필요,38
2026-10-02 17:20,EQP-04,온도 높음,40
2026-10-02 18:06,EQP-03,도어 열림,4
2026-10-02 20:20,EQP-02,통신 끊김,7
2026-10-02 21:16,EQP-03,온도 높음,29
2026-10-02 22:21,EQP-01,도어 열림,1
2026-10-02 22:28,EQP-03,온도 높음,36
2026-10-02 22:38,EQP-02,온도 높음,34
2026-10-02 23:39,EQP-05,압력 낮음,24
2026-10-02 23:45,EQP-02,압력 낮음,16
